,Win,Loss,Draw
Magnus,2853.899721448468,2924.1000000000004,2826.264331210191
