Win,Loss,Draw
0.6573816155988857,0.7291666666666666,0.6035031847133758
